ID,index,probability
K#0050,50,0.0
K#0051,51,1.0
K#0052,52,1.0
K#0053,53,0.30075002
K#0054,54,0.0
K#0055,55,0.947125
K#0056,56,0.99500006
K#0057,57,0.0
K#0058,58,1.0
K#0059,59,0.591125
K#0060,60,0.002
K#0061,61,0.0
K#0062,62,0.0005
K#0063,63,0.00175
K#0064,64,0.0
K#0065,65,0.99975
K#0066,66,1.0
K#0067,67,1.0
K#0068,68,0.012375001
K#0069,69,1.0
K#0070,70,0.993125
K#0071,71,0.786875
K#0072,72,0.0
K#0073,73,0.99112505
K#0074,74,0.0
